date,a,b,c,d,e,a_sum,b_sum,c_sum,d_sum,e_sum,a_mean,b_mean,c_mean,d_mean,e_mean,a_median,b_median,c_median,d_median,e_median,a_min,b_min,c_min,d_min,e_min,a_max,b_max,c_max,d_max,e_max
"September 26, 2022",52,70.0,97.0,,,52.0,70.0,97.0,,,52.0,70.0,97.0,,,52.0,70.0,97.0,,,52.0,70.0,97.0,,,52.0,70.0,97.0,,
"September 27, 2022",37,61.0,36.0,,,89.0,131.0,133.0,,,44.5,65.5,66.5,,,44.5,65.5,66.5,,,37.0,61.0,36.0,,,52.0,70.0,97.0,,
"September 28, 2022",40,56.0,32.0,,,129.0,187.0,165.0,,,43.0,62.333333333333336,55.0,,,40.0,61.0,36.0,,,37.0,56.0,32.0,,,52.0,70.0,97.0,,
"September 29, 2022",67,68.0,87.0,,,196.0,255.0,252.0,,,49.0,63.75,63.0,,,46.0,64.5,61.5,,,37.0,56.0,32.0,,,67.0,70.0,97.0,,
"October 1, 2022",507,253.0,211.0,,,703.0,508.0,463.0,,,140.6,101.6,92.6,,,52.0,68.0,87.0,,,37.0,56.0,32.0,,,507.0,253.0,211.0,,
"October 3, 2022",54,38.0,65.0,,,757.0,546.0,528.0,,,126.16666666666667,91.0,88.0,,,53.0,64.5,76.0,,,37.0,38.0,32.0,,,507.0,253.0,211.0,,
"October 4, 2022",41,101.0,109.0,,,798.0,647.0,637.0,,,114.0,92.42857142857143,91.0,,,52.0,68.0,87.0,,,37.0,38.0,32.0,,,507.0,253.0,211.0,,
"October 6, 2022",35,62.0,24.0,,,833.0,709.0,661.0,,,104.125,88.625,82.625,,,46.5,65.0,76.0,,,35.0,38.0,24.0,,,507.0,253.0,211.0,,
"October 10, 2022",248,80.0,64.0,,,1081.0,789.0,725.0,,,120.11111111111111,87.66666666666667,80.55555555555556,,,52.0,68.0,65.0,,,35.0,38.0,24.0,,,507.0,253.0,211.0,,
"October 11, 2022",49,69.0,77.0,,,1130.0,858.0,802.0,,,113.0,85.8,80.2,,,50.5,68.5,71.0,,,35.0,38.0,24.0,,,507.0,253.0,211.0,,
"October 12, 2022",80,67.0,133.0,766.0,,1210.0,925.0,935.0,766.0,,110.0,84.0909090909091,85.0,766.0,,52.0,68.0,77.0,766.0,,35.0,38.0,24.0,766.0,,507.0,253.0,211.0,766.0,
"October 17, 2022",105,189.0,280.0,,,1315.0,1114.0,1215.0,766.0,,109.58333333333333,92.83333333333333,101.25,766.0,,53.0,68.5,82.0,766.0,,35.0,38.0,24.0,766.0,,507.0,253.0,280.0,766.0,
"October 18, 2022",144,54.0,83.0,,,1459.0,1168.0,1298.0,766.0,,112.23076923076923,89.84615384615384,99.84615384615384,766.0,,54.0,68.0,83.0,766.0,,35.0,38.0,24.0,766.0,,507.0,253.0,280.0,766.0,
"October 20, 2022",74,46.0,58.0,,,1533.0,1214.0,1356.0,766.0,,109.5,86.71428571428571,96.85714285714286,766.0,,60.5,67.5,80.0,766.0,,35.0,38.0,24.0,766.0,,507.0,253.0,280.0,766.0,
"October 21, 2022",47,59.0,51.0,,,1580.0,1273.0,1407.0,766.0,,105.33333333333333,84.86666666666666,93.8,766.0,,54.0,67.0,77.0,766.0,,35.0,38.0,24.0,766.0,,507.0,253.0,280.0,766.0,
"October 23, 2022",57,38.0,,75.0,,1637.0,1311.0,1407.0,841.0,,102.3125,81.9375,93.8,420.5,,55.5,64.5,77.0,420.5,,35.0,38.0,24.0,75.0,,507.0,253.0,280.0,766.0,
"October 25, 2022",84,72.0,53.0,,,1721.0,1383.0,1460.0,841.0,,101.23529411764706,81.3529411764706,91.25,420.5,,57.0,67.0,71.0,420.5,,35.0,38.0,24.0,75.0,,507.0,253.0,280.0,766.0,
"October 26, 2022",47,36.0,,,,1768.0,1419.0,1460.0,841.0,,98.22222222222223,78.83333333333333,91.25,420.5,,55.5,64.5,71.0,420.5,,35.0,36.0,24.0,75.0,,507.0,253.0,280.0,766.0,
"October 27, 2022",45,91.0,41.0,,,1813.0,1510.0,1501.0,841.0,,95.42105263157895,79.47368421052632,88.29411764705883,420.5,,54.0,67.0,65.0,420.5,,35.0,36.0,24.0,75.0,,507.0,253.0,280.0,766.0,
"October 28, 2022",126,111.0,,,,1939.0,1621.0,1501.0,841.0,,96.95,81.05,88.29411764705883,420.5,,55.5,67.5,65.0,420.5,,35.0,36.0,24.0,75.0,,507.0,253.0,280.0,766.0,
"October 30, 2022",25,54.0,,,,1964.0,1675.0,1501.0,841.0,,93.52380952380952,79.76190476190476,88.29411764705883,420.5,,54.0,67.0,65.0,420.5,,25.0,36.0,24.0,75.0,,507.0,253.0,280.0,766.0,
"October 31, 2022",169,77.0,,,,2133.0,1752.0,1501.0,841.0,,96.95454545454545,79.63636363636364,88.29411764705883,420.5,,55.5,67.5,65.0,420.5,,25.0,36.0,24.0,75.0,,507.0,253.0,280.0,766.0,
"November 1, 2022",61,43.0,57.0,,,2194.0,1795.0,1558.0,841.0,,95.3913043478261,78.04347826086956,86.55555555555556,420.5,,57.0,67.0,64.5,420.5,,25.0,36.0,24.0,75.0,,507.0,253.0,280.0,766.0,
"November 2, 2022",51,70.0,63.0,,,2245.0,1865.0,1621.0,841.0,,93.54166666666667,77.70833333333333,85.3157894736842,420.5,,55.5,67.5,64.0,420.5,,25.0,36.0,24.0,75.0,,507.0,253.0,280.0,766.0,
"November 3, 2022",42,55.0,47.0,,,2287.0,1920.0,1668.0,841.0,,91.48,76.8,83.4,420.5,,54.0,67.0,63.5,420.5,,25.0,36.0,24.0,75.0,,507.0,253.0,280.0,766.0,
"November 4, 2022",58,51.0,60.0,,,2345.0,1971.0,1728.0,841.0,,90.1923076923077,75.8076923076923,82.28571428571429,420.5,,55.5,64.5,63.0,420.5,,25.0,36.0,24.0,75.0,,507.0,253.0,280.0,766.0,
"November 5, 2022",133,178.0,165.0,,,2478.0,2149.0,1893.0,841.0,,91.77777777777777,79.5925925925926,86.04545454545455,420.5,,57.0,67.0,63.5,420.5,,25.0,36.0,24.0,75.0,,507.0,253.0,280.0,766.0,
"November 6, 2022",61,58.0,51.0,,,2539.0,2207.0,1944.0,841.0,,90.67857142857143,78.82142857142857,84.52173913043478,420.5,,57.5,64.5,63.0,420.5,,25.0,36.0,24.0,75.0,,507.0,253.0,280.0,766.0,
"November 7, 2022",81,56.0,33.0,,,2620.0,2263.0,1977.0,841.0,,90.34482758620689,78.03448275862068,82.375,420.5,,58.0,62.0,61.5,420.5,,25.0,36.0,24.0,75.0,,507.0,253.0,280.0,766.0,
"November 8, 2022",22,38.0,31.0,,,2642.0,2301.0,2008.0,841.0,,88.06666666666666,76.7,80.32,420.5,,57.5,61.5,60.0,420.5,,22.0,36.0,24.0,75.0,,507.0,253.0,280.0,766.0,
"November 9, 2022",57,51.0,72.0,,,2699.0,2352.0,2080.0,841.0,,87.06451612903226,75.87096774193549,80.0,420.5,,57.0,61.0,61.5,420.5,,22.0,36.0,24.0,75.0,,507.0,253.0,280.0,766.0,
"November 10, 2022",23,56.0,44.0,,,2722.0,2408.0,2124.0,841.0,,85.0625,75.25,78.66666666666667,420.5,,57.0,60.0,60.0,420.5,,22.0,36.0,24.0,75.0,,507.0,253.0,280.0,766.0,
"November 11, 2022",74,41.0,61.0,,,2796.0,2449.0,2185.0,841.0,,84.72727272727273,74.21212121212122,78.03571428571429,420.5,,57.0,59.0,60.5,420.5,,22.0,36.0,24.0,75.0,,507.0,253.0,280.0,766.0,
"November 12, 2022",59,108.0,65.0,,,2855.0,2557.0,2250.0,841.0,,83.97058823529412,75.20588235294117,77.58620689655173,420.5,,57.5,60.0,61.0,420.5,,22.0,36.0,24.0,75.0,,507.0,253.0,280.0,766.0,
"November 13, 2022",42,43.0,37.0,,,2897.0,2600.0,2287.0,841.0,,82.77142857142857,74.28571428571429,76.23333333333333,420.5,,57.0,59.0,60.5,420.5,,22.0,36.0,24.0,75.0,,507.0,253.0,280.0,766.0,
"November 14, 2022",67,60.0,139.0,,,2964.0,2660.0,2426.0,841.0,,82.33333333333333,73.88888888888889,78.25806451612904,420.5,,57.5,59.5,61.0,420.5,,22.0,36.0,24.0,75.0,,507.0,253.0,280.0,766.0,
"November 15, 2022",60,38.0,91.0,,,3024.0,2698.0,2517.0,841.0,,81.72972972972973,72.91891891891892,78.65625,420.5,,58.0,59.0,62.0,420.5,,22.0,36.0,24.0,75.0,,507.0,253.0,280.0,766.0,
"November 16, 2022",57,55.0,239.0,,,3081.0,2753.0,2756.0,841.0,,81.07894736842105,72.44736842105263,83.51515151515152,420.5,,57.5,58.5,63.0,420.5,,22.0,36.0,24.0,75.0,,507.0,253.0,280.0,766.0,
"November 17, 2022",61,91.0,47.0,,,3142.0,2844.0,2803.0,841.0,,80.56410256410257,72.92307692307692,82.44117647058823,420.5,,58.0,59.0,62.0,420.5,,22.0,36.0,24.0,75.0,,507.0,253.0,280.0,766.0,
"November 18, 2022",42,,31.0,,,3184.0,2844.0,2834.0,841.0,,79.6,72.92307692307692,80.97142857142858,420.5,,57.5,59.0,61.0,420.5,,22.0,36.0,24.0,75.0,,507.0,253.0,280.0,766.0,
"November 19, 2022",69,139.0,,,,3253.0,2983.0,2834.0,841.0,,79.34146341463415,74.575,80.97142857142858,420.5,,58.0,59.5,61.0,420.5,,22.0,36.0,24.0,75.0,,507.0,253.0,280.0,766.0,
"November 20, 2022",35,41.0,72.0,,,3288.0,3024.0,2906.0,841.0,,78.28571428571429,73.7560975609756,80.72222222222223,420.5,,57.5,59.0,62.0,420.5,,22.0,36.0,24.0,75.0,,507.0,253.0,280.0,766.0,
"November 21, 2022",136,63.0,182.0,,,3424.0,3087.0,3088.0,841.0,,79.62790697674419,73.5,83.45945945945945,420.5,,58.0,59.5,63.0,420.5,,22.0,36.0,24.0,75.0,,507.0,253.0,280.0,766.0,
"November 22, 2022",30,63.0,70.0,,,3454.0,3150.0,3158.0,841.0,,78.5,73.25581395348837,83.10526315789474,420.5,,57.5,60.0,63.5,420.5,,22.0,36.0,24.0,75.0,,507.0,253.0,280.0,766.0,
"November 23, 2022",59,43.0,71.0,,,3513.0,3193.0,3229.0,841.0,,78.06666666666666,72.56818181818181,82.7948717948718,420.5,,58.0,59.5,64.0,420.5,,22.0,36.0,24.0,75.0,,507.0,253.0,280.0,766.0,
"November 24, 2022",62,59.0,36.0,158.0,,3575.0,3252.0,3265.0,999.0,,77.71739130434783,72.26666666666667,81.625,333.0,,58.5,59.0,63.5,158.0,,22.0,36.0,24.0,75.0,,507.0,253.0,280.0,766.0,
"November 26, 2022",114,,152.0,,,3689.0,3252.0,3417.0,999.0,,78.48936170212765,72.26666666666667,83.34146341463415,333.0,,59.0,59.0,64.0,158.0,,22.0,36.0,24.0,75.0,,507.0,253.0,280.0,766.0,
"November 27, 2022",57,49.0,,,,3746.0,3301.0,3417.0,999.0,,78.04166666666667,71.76086956521739,83.34146341463415,333.0,,58.5,59.0,64.0,158.0,,22.0,36.0,24.0,75.0,,507.0,253.0,280.0,766.0,
"November 28, 2022",86,67.0,,,,3832.0,3368.0,3417.0,999.0,,78.20408163265306,71.65957446808511,83.34146341463415,333.0,,59.0,59.0,64.0,158.0,,22.0,36.0,24.0,75.0,,507.0,253.0,280.0,766.0,
"November 29, 2022",88,57.0,165.0,,,3920.0,3425.0,3582.0,999.0,,78.4,71.35416666666667,85.28571428571429,333.0,,59.0,59.0,64.5,158.0,,22.0,36.0,24.0,75.0,,507.0,253.0,280.0,766.0,
"November 30, 2022",253,72.0,,,,4173.0,3497.0,3582.0,999.0,,81.82352941176471,71.36734693877551,85.28571428571429,333.0,,59.0,59.0,64.5,158.0,,22.0,36.0,24.0,75.0,,507.0,253.0,280.0,766.0,
"December 1, 2022",43,61.0,22.0,,,4216.0,3558.0,3604.0,999.0,,81.07692307692308,71.16,83.81395348837209,333.0,,59.0,59.5,64.0,158.0,,22.0,36.0,22.0,75.0,,507.0,253.0,280.0,766.0,
"December 2, 2022",50,98.0,,,,4266.0,3656.0,3604.0,999.0,,80.49056603773585,71.68627450980392,83.81395348837209,333.0,,59.0,60.0,64.0,158.0,,22.0,36.0,22.0,75.0,,507.0,253.0,280.0,766.0,
"December 3, 2022",126,154.0,107.0,,,4392.0,3810.0,3711.0,999.0,,81.33333333333333,73.26923076923077,84.3409090909091,333.0,,59.0,60.5,64.5,158.0,,22.0,36.0,22.0,75.0,,507.0,253.0,280.0,766.0,
"December 4, 2022",50,67.0,,,,4442.0,3877.0,3711.0,999.0,,80.76363636363637,73.15094339622641,84.3409090909091,333.0,,59.0,61.0,64.5,158.0,,22.0,36.0,22.0,75.0,,507.0,253.0,280.0,766.0,
"December 5, 2022",46,67.0,89.0,,,4488.0,3944.0,3800.0,999.0,,80.14285714285714,73.03703703703704,84.44444444444444,333.0,,58.5,61.0,65.0,158.0,,22.0,36.0,22.0,75.0,,507.0,253.0,280.0,766.0,
"December 6, 2022",43,63.0,,77.0,,4531.0,4007.0,3800.0,1076.0,,79.49122807017544,72.85454545454546,84.44444444444444,269.0,,58.0,61.0,65.0,117.5,,22.0,36.0,22.0,75.0,,507.0,253.0,280.0,766.0,
"December 7, 2022",61,43.0,77.0,,,4592.0,4050.0,3877.0,1076.0,,79.17241379310344,72.32142857142857,84.28260869565217,269.0,,58.5,61.0,65.0,117.5,,22.0,36.0,22.0,75.0,,507.0,253.0,280.0,766.0,
"December 8, 2022",83,34.0,39.0,,,4675.0,4084.0,3916.0,1076.0,,79.23728813559322,71.64912280701755,83.31914893617021,269.0,,59.0,61.0,65.0,117.5,,22.0,34.0,22.0,75.0,,507.0,253.0,280.0,766.0,
"December 9, 2022",40,43.0,,,,4715.0,4127.0,3916.0,1076.0,,78.58333333333333,71.15517241379311,83.31914893617021,269.0,,58.5,60.5,65.0,117.5,,22.0,34.0,22.0,75.0,,507.0,253.0,280.0,766.0,
"December 10, 2022",93,89.0,,,,4808.0,4216.0,3916.0,1076.0,,78.81967213114754,71.45762711864407,83.31914893617021,269.0,,59.0,61.0,65.0,117.5,,22.0,34.0,22.0,75.0,,507.0,253.0,280.0,766.0,
"December 11, 2022",40,43.0,,62.0,,4848.0,4259.0,3916.0,1138.0,,78.19354838709677,70.98333333333333,83.31914893617021,227.6,,58.5,60.5,65.0,77.0,,22.0,34.0,22.0,62.0,,507.0,253.0,280.0,766.0,
"December 13, 2022",26,22.0,40.0,,,4874.0,4281.0,3956.0,1138.0,,77.36507936507937,70.18032786885246,82.41666666666667,227.6,,58.0,60.0,64.5,77.0,,22.0,22.0,22.0,62.0,,507.0,253.0,280.0,766.0,
"December 14, 2022",41,42.0,,,,4915.0,4323.0,3956.0,1138.0,,76.796875,69.7258064516129,82.41666666666667,227.6,,57.5,59.5,64.5,77.0,,22.0,22.0,22.0,62.0,,507.0,253.0,280.0,766.0,
"December 16, 2022",50,62.0,,,,4965.0,4385.0,3956.0,1138.0,,76.38461538461539,69.60317460317461,82.41666666666667,227.6,,57.0,60.0,64.5,77.0,,22.0,22.0,22.0,62.0,,507.0,253.0,280.0,766.0,
"December 17, 2022",65,116.0,83.0,,,5030.0,4501.0,4039.0,1138.0,,76.21212121212122,70.328125,82.42857142857143,227.6,,57.5,60.5,65.0,77.0,,22.0,22.0,22.0,62.0,,507.0,253.0,280.0,766.0,
"December 18, 2022",46,72.0,56.0,,,5076.0,4573.0,4095.0,1138.0,,75.76119402985074,70.35384615384615,81.9,227.6,,57.0,61.0,64.5,77.0,,22.0,22.0,22.0,62.0,,507.0,253.0,280.0,766.0,
"December 19, 2022",86,115.0,39.0,195.0,,5162.0,4688.0,4134.0,1333.0,,75.91176470588235,71.03030303030303,81.05882352941177,222.16666666666666,,57.5,61.0,64.0,117.5,,22.0,22.0,22.0,62.0,,507.0,253.0,280.0,766.0,
"December 21, 2022",24,74.0,28.0,44.0,,5186.0,4762.0,4162.0,1377.0,,75.15942028985508,71.07462686567165,80.03846153846153,196.71428571428572,,57.0,61.0,63.5,77.0,,22.0,22.0,22.0,44.0,,507.0,253.0,280.0,766.0,
"December 23, 2022",37,43.0,62.0,,,5223.0,4805.0,4224.0,1377.0,,74.61428571428571,70.66176470588235,79.69811320754717,196.71428571428572,,57.0,61.0,63.0,77.0,,22.0,22.0,22.0,44.0,,507.0,253.0,280.0,766.0,
"December 25, 2022",41,55.0,57.0,92.0,,5264.0,4860.0,4281.0,1469.0,,74.14084507042253,70.43478260869566,79.27777777777777,183.625,,57.0,61.0,62.5,84.5,,22.0,22.0,22.0,44.0,,507.0,253.0,280.0,766.0,
"December 26, 2022",42,43.0,22.0,48.0,,5306.0,4903.0,4303.0,1517.0,,73.69444444444444,70.04285714285714,78.23636363636363,168.55555555555554,,57.0,60.5,62.0,77.0,,22.0,22.0,22.0,44.0,,507.0,253.0,280.0,766.0,
"December 28, 2022",71,54.0,160.0,304.0,,5377.0,4957.0,4463.0,1821.0,,73.65753424657534,69.8169014084507,79.69642857142857,182.1,,57.0,60.0,62.5,84.5,,22.0,22.0,22.0,44.0,,507.0,253.0,280.0,766.0,
"December 30, 2022",66,74.0,75.0,298.0,,5443.0,5031.0,4538.0,2119.0,,73.55405405405405,69.875,79.6140350877193,192.63636363636363,,57.0,60.5,63.0,92.0,,22.0,22.0,22.0,44.0,,507.0,253.0,280.0,766.0,
"December 31, 2022",121,118.0,80.0,,,5564.0,5149.0,4618.0,2119.0,,74.18666666666667,70.53424657534246,79.62068965517241,192.63636363636363,,57.0,61.0,63.5,92.0,,22.0,22.0,22.0,44.0,,507.0,253.0,280.0,766.0,
"January 2, 2023",71,106.0,,59.0,,5635.0,5255.0,4618.0,2178.0,,74.14473684210526,71.01351351351352,79.62068965517241,181.5,,57.5,61.0,63.5,84.5,,22.0,22.0,22.0,44.0,,507.0,253.0,280.0,766.0,
"January 4, 2023",39,47.0,21.0,38.0,,5674.0,5302.0,4639.0,2216.0,,73.68831168831169,70.69333333333333,78.62711864406779,170.46153846153845,,57.0,61.0,63.0,77.0,,22.0,22.0,21.0,38.0,,507.0,253.0,280.0,766.0,
"January 5, 2023",55,74.0,,54.0,,5729.0,5376.0,4639.0,2270.0,,73.44871794871794,70.73684210526316,78.62711864406779,162.14285714285714,,57.0,61.0,63.0,76.0,,22.0,22.0,21.0,38.0,,507.0,253.0,280.0,766.0,
"January 6, 2023",73,88.0,,78.0,,5802.0,5464.0,4639.0,2348.0,,73.44303797468355,70.96103896103897,78.62711864406779,156.53333333333333,,57.0,61.0,63.0,77.0,,22.0,22.0,21.0,38.0,,507.0,253.0,280.0,766.0,
"January 7, 2023",115,156.0,167.0,,,5917.0,5620.0,4806.0,2348.0,,73.9625,72.05128205128206,80.1,156.53333333333333,,57.5,61.5,63.5,77.0,,22.0,22.0,21.0,38.0,,507.0,253.0,280.0,766.0,
"January 9, 2023",52,59.0,55.0,117.0,,5969.0,5679.0,4861.0,2465.0,,73.69135802469135,71.88607594936708,79.68852459016394,154.0625,,57.0,61.0,63.0,77.5,,22.0,22.0,21.0,38.0,,507.0,253.0,280.0,766.0,
"January 10, 2023",91,47.0,25.0,125.0,,6060.0,5726.0,4886.0,2590.0,,73.90243902439025,71.575,78.80645161290323,152.35294117647058,,57.5,61.0,62.5,78.0,,22.0,22.0,21.0,38.0,,507.0,253.0,280.0,766.0,
"January 11, 2023",50,33.0,45.0,42.0,,6110.0,5759.0,4931.0,2632.0,,73.6144578313253,71.09876543209876,78.26984126984127,146.22222222222223,,57.0,61.0,62.0,77.5,,22.0,22.0,21.0,38.0,,507.0,253.0,280.0,766.0,
"January 12, 2023",40,54.0,52.0,47.0,,6150.0,5813.0,4983.0,2679.0,,73.21428571428571,70.89024390243902,77.859375,141.0,,57.0,60.5,61.5,77.0,,22.0,22.0,21.0,38.0,,507.0,253.0,280.0,766.0,
"January 13, 2023",49,50.0,37.0,45.0,,6199.0,5863.0,5020.0,2724.0,,72.92941176470588,70.63855421686748,77.23076923076923,136.2,,57.0,60.0,61.0,76.0,,22.0,22.0,21.0,38.0,,507.0,253.0,280.0,766.0,
"January 14, 2023",82,127.0,171.0,149.0,,6281.0,5990.0,5191.0,2873.0,,73.03488372093024,71.30952380952381,78.65151515151516,136.8095238095238,,57.0,60.5,61.5,77.0,,22.0,22.0,21.0,38.0,,507.0,253.0,280.0,766.0,
"January 15, 2023",41,37.0,44.0,47.0,,6322.0,6027.0,5235.0,2920.0,,72.66666666666667,70.90588235294118,78.13432835820896,132.72727272727272,,57.0,60.0,61.0,76.0,,22.0,22.0,21.0,38.0,,507.0,253.0,280.0,766.0,
"January 17, 2023",36,156.0,64.0,120.0,,6358.0,6183.0,5299.0,3040.0,,72.25,71.8953488372093,77.92647058823529,132.17391304347825,,57.0,60.5,61.5,77.0,,22.0,22.0,21.0,38.0,,507.0,253.0,280.0,766.0,
"January 19, 2023",48,55.0,,120.0,,6406.0,6238.0,5299.0,3160.0,,71.97752808988764,71.70114942528735,77.92647058823529,131.66666666666666,,57.0,60.0,61.5,77.5,,22.0,22.0,21.0,38.0,,507.0,253.0,280.0,766.0,
"January 20, 2023",28,50.0,27.0,51.0,,6434.0,6288.0,5326.0,3211.0,,71.4888888888889,71.45454545454545,77.18840579710145,128.44,,57.0,59.5,61.0,77.0,,22.0,22.0,21.0,38.0,,507.0,253.0,280.0,766.0,
"January 21, 2023",116,151.0,78.0,151.0,,6550.0,6439.0,5404.0,3362.0,,71.97802197802197,72.34831460674157,77.2,129.30769230769232,,57.0,60.0,61.5,77.5,,22.0,22.0,21.0,38.0,,507.0,253.0,280.0,766.0,
"January 22, 2023",28,27.0,,31.0,,6578.0,6466.0,5404.0,3393.0,,71.5,71.84444444444445,77.2,125.66666666666667,,57.0,59.5,61.5,77.0,,22.0,22.0,21.0,31.0,,507.0,253.0,280.0,766.0,
"January 23, 2023",125,85.0,,137.0,,6703.0,6551.0,5404.0,3530.0,,72.0752688172043,71.98901098901099,77.2,126.07142857142857,,57.0,60.0,61.5,77.5,,22.0,22.0,21.0,31.0,,507.0,253.0,280.0,766.0,
"January 26, 2023",42,24.0,35.0,90.0,,6745.0,6575.0,5439.0,3620.0,,71.75531914893617,71.46739130434783,76.6056338028169,124.82758620689656,,57.0,59.5,61.0,78.0,,22.0,22.0,21.0,31.0,,507.0,253.0,280.0,766.0,
"January 28, 2023",58,133.0,,113.0,,6803.0,6708.0,5439.0,3733.0,,71.61052631578947,72.12903225806451,76.6056338028169,124.43333333333334,,57.0,60.0,61.0,84.0,,22.0,22.0,21.0,31.0,,507.0,253.0,280.0,766.0,
"January 29, 2023",30,,,95.0,,6833.0,6708.0,5439.0,3828.0,,71.17708333333333,72.12903225806451,76.6056338028169,123.48387096774194,,57.0,60.0,61.0,90.0,,22.0,22.0,21.0,31.0,,507.0,253.0,280.0,766.0,
"January 30, 2023",29,61.0,,82.0,,6862.0,6769.0,5439.0,3910.0,,70.74226804123711,72.01063829787235,76.6056338028169,122.1875,,57.0,60.5,61.0,86.0,,22.0,22.0,21.0,31.0,,507.0,253.0,280.0,766.0,
"January 31, 2023",46,51.0,,,,6908.0,6820.0,5439.0,3910.0,,70.48979591836735,71.78947368421052,76.6056338028169,122.1875,,56.0,60.0,61.0,86.0,,22.0,22.0,21.0,31.0,,507.0,253.0,280.0,766.0,
"February 1, 2023",78,50.0,86.0,77.0,,6986.0,6870.0,5525.0,3987.0,,70.56565656565657,71.5625,76.73611111111111,120.81818181818181,,57.0,59.5,61.5,82.0,,22.0,22.0,21.0,31.0,,507.0,253.0,280.0,766.0,
"February 2, 2023",62,53.0,42.0,70.0,,7048.0,6923.0,5567.0,4057.0,,70.48,71.37113402061856,76.26027397260275,119.32352941176471,,57.0,59.0,61.0,80.0,,22.0,22.0,21.0,31.0,,507.0,253.0,280.0,766.0,
"February 3, 2023",90,40.0,100.0,77.0,,7138.0,6963.0,5667.0,4134.0,,70.67326732673267,71.05102040816327,76.58108108108108,118.11428571428571,,57.0,59.0,61.5,78.0,,22.0,22.0,21.0,31.0,,507.0,253.0,280.0,766.0,
"February 5, 2023",176,84.0,,180.0,,7314.0,7047.0,5667.0,4314.0,,71.70588235294117,71.18181818181819,76.58108108108108,119.83333333333333,,57.0,59.0,61.5,80.0,,22.0,22.0,21.0,31.0,,507.0,253.0,280.0,766.0,
"February 6, 2023",53,54.0,56.0,35.0,,7367.0,7101.0,5723.0,4349.0,,71.52427184466019,71.01,76.30666666666667,117.54054054054055,,57.0,59.0,61.0,78.0,,22.0,22.0,21.0,31.0,,507.0,253.0,280.0,766.0,
"February 7, 2023",61,55.0,143.0,62.0,,7428.0,7156.0,5866.0,4411.0,,71.42307692307692,70.85148514851485,77.1842105263158,116.07894736842105,,57.0,59.0,61.5,77.5,,22.0,22.0,21.0,31.0,,507.0,253.0,280.0,766.0,
"February 8, 2023",28,30.0,21.0,47.0,,7456.0,7186.0,5887.0,4458.0,,71.00952380952381,70.45098039215686,76.45454545454545,114.3076923076923,,57.0,59.0,61.0,77.0,,22.0,22.0,21.0,31.0,,507.0,253.0,280.0,766.0,
"February 12, 2023",57,40.0,179.0,35.0,,7513.0,7226.0,6066.0,4493.0,,70.87735849056604,70.15533980582525,77.76923076923077,112.325,,57.0,59.0,61.5,77.0,,22.0,22.0,21.0,31.0,,507.0,253.0,280.0,766.0,
"February 17, 2023",44,,,75.0,,7557.0,7226.0,6066.0,4568.0,,70.62616822429906,70.15533980582525,77.76923076923077,111.41463414634147,,57.0,59.0,61.5,77.0,,22.0,22.0,21.0,31.0,,507.0,253.0,280.0,766.0,
"February 17, 2023",44,,104.0,75.0,,7601.0,7226.0,6170.0,4643.0,,70.37962962962963,70.15533980582525,78.10126582278481,110.54761904761905,,57.0,59.0,62.0,77.0,,22.0,22.0,21.0,31.0,,507.0,253.0,280.0,766.0,
"February 19, 2023",106,53.0,,110.0,,7707.0,7279.0,6170.0,4753.0,,70.70642201834862,69.99038461538461,78.10126582278481,110.53488372093024,,57.0,58.5,62.0,77.0,,22.0,22.0,21.0,31.0,,507.0,253.0,280.0,766.0,
"February 22, 2023",77,,42.0,211.0,198.0,7784.0,7279.0,6212.0,4964.0,198.0,70.76363636363637,69.99038461538461,77.65,112.81818181818181,198.0,57.0,58.5,61.5,77.0,198.0,22.0,22.0,21.0,31.0,198.0,507.0,253.0,280.0,766.0,198.0
"February 24, 2023",26,,35.0,45.0,40.0,7810.0,7279.0,6247.0,5009.0,238.0,70.36036036036036,69.99038461538461,77.12345679012346,111.31111111111112,119.0,57.0,58.5,61.0,77.0,119.0,22.0,22.0,21.0,31.0,40.0,507.0,253.0,280.0,766.0,198.0
"February 26, 2023",104,,44.0,200.0,76.0,7914.0,7279.0,6291.0,5209.0,314.0,70.66071428571429,69.99038461538461,76.71951219512195,113.23913043478261,104.66666666666667,57.0,58.5,60.5,77.0,76.0,22.0,22.0,21.0,31.0,40.0,507.0,253.0,280.0,766.0,198.0
"February 27, 2023",39,102.0,32.0,48.0,,7953.0,7381.0,6323.0,5257.0,314.0,70.38053097345133,70.29523809523809,76.18072289156626,111.85106382978724,104.66666666666667,57.0,59.0,60.0,77.0,76.0,22.0,22.0,21.0,31.0,40.0,507.0,253.0,280.0,766.0,198.0
"March 1, 2023",152,28.0,,92.0,,8105.0,7409.0,6323.0,5349.0,314.0,71.09649122807018,69.89622641509433,76.18072289156626,111.4375,104.66666666666667,57.0,58.5,60.0,77.0,76.0,22.0,22.0,21.0,31.0,40.0,507.0,253.0,280.0,766.0,198.0
"March 2, 2023",49,86.0,83.0,126.0,114.0,8154.0,7495.0,6406.0,5475.0,428.0,70.90434782608696,70.04672897196262,76.26190476190476,111.73469387755102,107.0,57.0,59.0,60.5,77.0,95.0,22.0,22.0,21.0,31.0,40.0,507.0,253.0,280.0,766.0,198.0
"March 3, 2023",58,,93.0,117.0,,8212.0,7495.0,6499.0,5592.0,428.0,70.79310344827586,70.04672897196262,76.45882352941176,111.84,107.0,57.0,59.0,61.0,77.5,95.0,22.0,22.0,21.0,31.0,40.0,507.0,253.0,280.0,766.0,198.0
"March 7, 2023",51,,49.0,70.0,126.0,8263.0,7495.0,6548.0,5662.0,554.0,70.62393162393163,70.04672897196262,76.13953488372093,111.01960784313725,110.8,57.0,59.0,60.5,77.0,114.0,22.0,22.0,21.0,31.0,40.0,507.0,253.0,280.0,766.0,198.0
"March 10, 2023",27,,63.0,133.0,105.0,8290.0,7495.0,6611.0,5795.0,659.0,70.2542372881356,70.04672897196262,75.98850574712644,111.4423076923077,109.83333333333333,57.0,59.0,61.0,77.5,109.5,22.0,22.0,21.0,31.0,40.0,507.0,253.0,280.0,766.0,198.0
"March 12, 2023",65,152.0,,291.0,127.0,8355.0,7647.0,6611.0,6086.0,786.0,70.21008403361344,70.80555555555556,75.98850574712644,114.83018867924528,112.28571428571429,57.0,59.0,61.0,78.0,114.0,22.0,22.0,21.0,31.0,40.0,507.0,253.0,280.0,766.0,198.0
"March 14, 2023",34,43.0,29.0,72.0,120.0,8389.0,7690.0,6640.0,6158.0,906.0,69.90833333333333,70.55045871559633,75.45454545454545,114.03703703703704,113.25,57.0,59.0,60.5,77.5,117.0,22.0,22.0,21.0,31.0,40.0,507.0,253.0,280.0,766.0,198.0
"March 15, 2023",21,49.0,79.0,58.0,,8410.0,7739.0,6719.0,6216.0,906.0,69.50413223140495,70.35454545454546,75.49438202247191,113.01818181818182,113.25,57.0,58.5,61.0,77.0,117.0,21.0,22.0,21.0,31.0,40.0,507.0,253.0,280.0,766.0,198.0
"March 16, 2023",50,,,34.0,40.0,8460.0,7739.0,6719.0,6250.0,946.0,69.34426229508196,70.35454545454546,75.49438202247191,111.60714285714286,105.11111111111111,56.0,58.5,61.0,77.0,114.0,21.0,22.0,21.0,31.0,40.0,507.0,253.0,280.0,766.0,198.0
"March 17, 2023",65,,44.0,55.0,59.0,8525.0,7739.0,6763.0,6305.0,1005.0,69.3089430894309,70.35454545454546,75.14444444444445,110.6140350877193,100.5,57.0,58.5,60.5,77.0,109.5,21.0,22.0,21.0,31.0,40.0,507.0,253.0,280.0,766.0,198.0
"March 19, 2023",21,,32.0,183.0,,8546.0,7739.0,6795.0,6488.0,1005.0,68.91935483870968,70.35454545454546,74.67032967032966,111.86206896551724,100.5,56.0,58.5,60.0,77.0,109.5,21.0,22.0,21.0,31.0,40.0,507.0,253.0,280.0,766.0,198.0
"March 21, 2023",119,,,315.0,,8665.0,7739.0,6795.0,6803.0,1005.0,69.32,70.35454545454546,74.67032967032966,115.30508474576271,100.5,57.0,58.5,60.0,77.0,109.5,21.0,22.0,21.0,31.0,40.0,507.0,253.0,280.0,766.0,198.0
"March 23, 2023",30,,,38.0,,8695.0,7739.0,6795.0,6841.0,1005.0,69.0079365079365,70.35454545454546,74.67032967032966,114.01666666666667,100.5,56.0,58.5,60.0,77.0,109.5,21.0,22.0,21.0,31.0,40.0,507.0,253.0,280.0,766.0,198.0
"March 24, 2023",25,,,67.0,,8720.0,7739.0,6795.0,6908.0,1005.0,68.66141732283465,70.35454545454546,74.67032967032966,113.24590163934427,100.5,55.0,58.5,60.0,77.0,109.5,21.0,22.0,21.0,31.0,40.0,507.0,253.0,280.0,766.0,198.0
"March 26, 2023",33,,56.0,61.0,,8753.0,7739.0,6851.0,6969.0,1005.0,68.3828125,70.35454545454546,74.46739130434783,112.40322580645162,100.5,54.5,58.5,59.0,77.0,109.5,21.0,22.0,21.0,31.0,40.0,507.0,253.0,280.0,766.0,198.0
"March 27, 2023",43,,35.0,40.0,,8796.0,7739.0,6886.0,7009.0,1005.0,68.18604651162791,70.35454545454546,74.04301075268818,111.25396825396825,100.5,54.0,58.5,58.0,77.0,109.5,21.0,22.0,21.0,31.0,40.0,507.0,253.0,280.0,766.0,198.0
"March 28, 2023",90,217.0,41.0,145.0,,8886.0,7956.0,6927.0,7154.0,1005.0,68.35384615384615,71.67567567567568,73.69148936170212,111.78125,100.5,54.5,59.0,57.5,77.0,109.5,21.0,22.0,21.0,31.0,40.0,507.0,253.0,280.0,766.0,198.0
"March 29, 2023",49,47.0,,49.0,,8935.0,8003.0,6927.0,7203.0,1005.0,68.20610687022901,71.45535714285714,73.69148936170212,110.81538461538462,100.5,54.0,58.5,57.5,77.0,109.5,21.0,22.0,21.0,31.0,40.0,507.0,253.0,280.0,766.0,198.0
"March 30, 2023",48,,59.0,131.0,,8983.0,8003.0,6986.0,7334.0,1005.0,68.0530303030303,71.45535714285714,73.53684210526316,111.12121212121212,100.5,53.5,58.5,58.0,77.0,109.5,21.0,22.0,21.0,31.0,40.0,507.0,253.0,280.0,766.0,198.0
"March 31, 2023",45,,,115.0,,9028.0,8003.0,6986.0,7449.0,1005.0,67.8796992481203,71.45535714285714,73.53684210526316,111.17910447761194,100.5,53.0,58.5,58.0,77.0,109.5,21.0,22.0,21.0,31.0,40.0,507.0,253.0,280.0,766.0,198.0
"April 3, 2023",43,,37.0,50.0,,9071.0,8003.0,7023.0,7499.0,1005.0,67.69402985074628,71.45535714285714,73.15625,110.27941176470588,100.5,52.5,58.5,57.5,77.0,109.5,21.0,22.0,21.0,31.0,40.0,507.0,253.0,280.0,766.0,198.0
"April 6, 2023",74,,39.0,158.0,,9145.0,8003.0,7062.0,7657.0,1005.0,67.74074074074075,71.45535714285714,72.80412371134021,110.97101449275362,100.5,53.0,58.5,57.0,77.0,109.5,21.0,22.0,21.0,31.0,40.0,507.0,253.0,280.0,766.0,198.0
"April 7, 2023",80,106.0,39.0,323.0,66.0,9225.0,8109.0,7101.0,7980.0,1071.0,67.83088235294117,71.76106194690266,72.45918367346938,114.0,97.36363636363636,53.5,59.0,57.0,77.0,105.0,21.0,22.0,21.0,31.0,40.0,507.0,253.0,280.0,766.0,198.0
"April 9, 2023",38,,,49.0,,9263.0,8109.0,7101.0,8029.0,1071.0,67.61313868613139,71.76106194690266,72.45918367346938,113.08450704225352,97.36363636363636,53.0,59.0,57.0,77.0,105.0,21.0,22.0,21.0,31.0,40.0,507.0,253.0,280.0,766.0,198.0
"April 10, 2023",32,,36.0,31.0,,9295.0,8109.0,7137.0,8060.0,1071.0,67.35507246376811,71.76106194690266,72.0909090909091,111.94444444444444,97.36363636363636,52.5,59.0,57.0,77.0,105.0,21.0,22.0,21.0,31.0,40.0,507.0,253.0,280.0,766.0,198.0
"April 11, 2023",46,,294.0,235.0,,9341.0,8109.0,7431.0,8295.0,1071.0,67.20143884892086,71.76106194690266,74.31,113.63013698630137,97.36363636363636,52.0,59.0,57.0,77.0,105.0,21.0,22.0,21.0,31.0,40.0,507.0,253.0,294.0,766.0,198.0
"April 12, 2023",51,,,117.0,,9392.0,8109.0,7431.0,8412.0,1071.0,67.08571428571429,71.76106194690266,74.31,113.67567567567568,97.36363636363636,52.0,59.0,57.0,77.0,105.0,21.0,22.0,21.0,31.0,40.0,507.0,253.0,294.0,766.0,198.0
"April 13, 2023",42,,65.0,69.0,,9434.0,8109.0,7496.0,8481.0,1071.0,66.90780141843972,71.76106194690266,74.21782178217822,113.08,97.36363636363636,52.0,59.0,57.0,77.0,105.0,21.0,22.0,21.0,31.0,40.0,507.0,253.0,294.0,766.0,198.0
"April 17, 2023",34,,42.0,137.0,,9468.0,8109.0,7538.0,8618.0,1071.0,66.67605633802818,71.76106194690266,73.90196078431373,113.39473684210526,97.36363636363636,51.5,59.0,57.0,77.0,105.0,21.0,22.0,21.0,31.0,40.0,507.0,253.0,294.0,766.0,198.0
"April 21, 2023",106,,,119.0,,9574.0,8109.0,7538.0,8737.0,1071.0,66.95104895104895,71.76106194690266,73.90196078431373,113.46753246753246,97.36363636363636,52.0,59.0,57.0,77.0,105.0,21.0,22.0,21.0,31.0,40.0,507.0,253.0,294.0,766.0,198.0
"April 25, 2023",45,,,185.0,33.0,9619.0,8109.0,7538.0,8922.0,1104.0,66.79861111111111,71.76106194690266,73.90196078431373,114.38461538461539,92.0,51.5,59.0,57.0,77.5,90.5,21.0,22.0,21.0,31.0,33.0,507.0,253.0,294.0,766.0,198.0
"April 26, 2023",161,,,205.0,131.0,9780.0,8109.0,7538.0,9127.0,1235.0,67.44827586206897,71.76106194690266,73.90196078431373,115.53164556962025,95.0,52.0,59.0,57.0,78.0,105.0,21.0,22.0,21.0,31.0,33.0,507.0,253.0,294.0,766.0,198.0
"April 27, 2023",55,,59.0,104.0,,9835.0,8109.0,7597.0,9231.0,1235.0,67.36301369863014,71.76106194690266,73.75728155339806,115.3875,95.0,52.0,59.0,57.0,80.0,105.0,21.0,22.0,21.0,31.0,33.0,507.0,253.0,294.0,766.0,198.0
"April 29, 2023",69,,53.0,91.0,,9904.0,8109.0,7650.0,9322.0,1235.0,67.37414965986395,71.76106194690266,73.5576923076923,115.08641975308642,95.0,52.0,59.0,57.0,82.0,105.0,21.0,22.0,21.0,31.0,33.0,507.0,253.0,294.0,766.0,198.0
"May 2, 2023",51,,47.0,56.0,,9955.0,8109.0,7697.0,9378.0,1235.0,67.26351351351352,71.76106194690266,73.3047619047619,114.36585365853658,95.0,52.0,59.0,57.0,80.0,105.0,21.0,22.0,21.0,31.0,33.0,507.0,253.0,294.0,766.0,198.0
"May 3, 2023",43,,48.0,54.0,146.0,9998.0,8109.0,7745.0,9432.0,1381.0,67.1006711409396,71.76106194690266,73.06603773584905,113.63855421686748,98.64285714285714,52.0,59.0,56.5,78.0,109.5,21.0,22.0,21.0,31.0,33.0,507.0,253.0,294.0,766.0,198.0
"May 4, 2023",28,,,49.0,,10026.0,8109.0,7745.0,9481.0,1381.0,66.84,71.76106194690266,73.06603773584905,112.86904761904762,98.64285714285714,51.5,59.0,56.5,77.5,109.5,21.0,22.0,21.0,31.0,33.0,507.0,253.0,294.0,766.0,198.0
"May 5, 2023",136,,,234.0,,10162.0,8109.0,7745.0,9715.0,1381.0,67.29801324503312,71.76106194690266,73.06603773584905,114.29411764705883,98.64285714285714,52.0,59.0,56.5,78.0,109.5,21.0,22.0,21.0,31.0,33.0,507.0,253.0,294.0,766.0,198.0
"May 6, 2023",98,,,229.0,,10260.0,8109.0,7745.0,9944.0,1381.0,67.5,71.76106194690266,73.06603773584905,115.62790697674419,98.64285714285714,52.0,59.0,56.5,80.0,109.5,21.0,22.0,21.0,31.0,33.0,507.0,253.0,294.0,766.0,198.0
"May 8, 2023",46,,,30.0,,10306.0,8109.0,7745.0,9974.0,1381.0,67.359477124183,71.76106194690266,73.06603773584905,114.64367816091954,98.64285714285714,52.0,59.0,56.5,78.0,109.5,21.0,22.0,21.0,30.0,33.0,507.0,253.0,294.0,766.0,198.0
"May 9, 2023",20,,,34.0,,10326.0,8109.0,7745.0,10008.0,1381.0,67.05194805194805,71.76106194690266,73.06603773584905,113.72727272727273,98.64285714285714,51.5,59.0,56.5,77.5,109.5,20.0,22.0,21.0,30.0,33.0,507.0,253.0,294.0,766.0,198.0
"May 10, 2023",38,,,125.0,,10364.0,8109.0,7745.0,10133.0,1381.0,66.86451612903225,71.76106194690266,73.06603773584905,113.85393258426966,98.64285714285714,51.0,59.0,56.5,78.0,109.5,20.0,22.0,21.0,30.0,33.0,507.0,253.0,294.0,766.0,198.0
"May 15, 2023",28,,,36.0,,10392.0,8109.0,7745.0,10169.0,1381.0,66.61538461538461,71.76106194690266,73.06603773584905,112.9888888888889,98.64285714285714,51.0,59.0,56.5,77.5,109.5,20.0,22.0,21.0,30.0,33.0,507.0,253.0,294.0,766.0,198.0
"May 16, 2023",28,,53.0,119.0,,10420.0,8109.0,7798.0,10288.0,1381.0,66.36942675159236,71.76106194690266,72.8785046728972,113.05494505494505,98.64285714285714,51.0,59.0,56.0,78.0,109.5,20.0,22.0,21.0,30.0,33.0,507.0,253.0,294.0,766.0,198.0
"May 17, 2023",50,,,39.0,,10470.0,8109.0,7798.0,10327.0,1381.0,66.26582278481013,71.76106194690266,72.8785046728972,112.25,98.64285714285714,51.0,59.0,56.0,77.5,109.5,20.0,22.0,21.0,30.0,33.0,507.0,253.0,294.0,766.0,198.0
"May 18, 2023",51,,37.0,189.0,,10521.0,8109.0,7835.0,10516.0,1381.0,66.16981132075472,71.76106194690266,72.54629629629629,113.0752688172043,98.64285714285714,51.0,59.0,56.0,78.0,109.5,20.0,22.0,21.0,30.0,33.0,507.0,253.0,294.0,766.0,198.0
"May 20, 2023",59,,,48.0,,10580.0,8109.0,7835.0,10564.0,1381.0,66.125,71.76106194690266,72.54629629629629,112.38297872340425,98.64285714285714,51.0,59.0,56.0,77.5,109.5,20.0,22.0,21.0,30.0,33.0,507.0,253.0,294.0,766.0,198.0
